No,mPAP-pred
1,80.28650978185921
2,26.13792551554935
