No,x1,x2,x3,x4,x5,x6,x7,x8
1,6.835163,29.75436,185.195189,0.129203,0.167612,0.011682,27.591145,424.80985
2,6.590588,25.006995,124.918675,0.474078,0.053093,-0.496714,30.870723,299.688198
